LHRS,Offset,Year,Hwy No,Hwy Letter,Hwy Type,Location Description,Station #,Region,Sec Len,Con Link Len,Secondary Description,PDCS #,Pattern,DHV %,Design Hr. Dir Split %,Design Hr. Dir Split Higher Volume Direction,AADT,SADT,SAWDT,WADT,Truck %,Truck AADT,Alpha Code,Count Code,cost 1,cost 2,cost 3,Latitude,Longitude
47200,0,2019,401,,FWY,QUEBEC ONTARIO BDY,20,EAST,3.18,0,,9,CTR,12,51,N/A,20200,26900,26800,16400,37,7550,T,1,35000,56000,70000,45.208774,-74.347986
47210,0,2019,401,,FWY,S D&G RD 23 4TH LINE RD IC-825,30,EAST,11.21,0,,9,CTR,12,50,N/A,20000,26600,26500,16300,38,7650,T,1,35000,56000,70000,45.192461,-74.381174
47220,0,2019,401,,FWY,SD&G CTY RDS 2&34 IC-814 LANCASTER,35,EAST,9.08,0,,9,CTR,12,50,N/A,19500,26000,25900,15900,36,6950,T,1,35000,56000,70000,45.136617,-74.496488
47230,0,2019,401,,FWY,SUMMERSTOWN RD IC-804 S D & G RD 27,40,EAST,8.53,0,,9,CTR,12,51,N/A,24100,32100,32000,19600,48,11600,T,1,35000,56000,70000,45.090829,-74.592155
47240,0,2019,401,,FWY,BOUNDARY RD IC-796,45,EAST,4.07,0,,9,CTR,12,54,N/A,22500,30000,29800,18300,34,7650,T,1,35000,56000,70000,45.063609,-74.690922
47245,0,2019,401,,FWY,MCCONNELL AV IC-792 CORNWALL,50,EAST,2.68,0,,9,CTR,12,51,N/A,22400,29800,29700,18200,37,8250,T,1,35000,56000,70000,45.052547,-74.739103
47250,0,2019,401,,FWY,HWY 138 IC-789 CORNWALL,55,EAST,2.96,0,,9,CTR,12,52,N/A,23800,31700,31600,19400,36,8500,T,1,35000,56000,70000,45.0523,-74.773025
47260,0,2019,401,,FWY,S D & G RD 33 POWER DAM DR IC-786,60,EAST,8.44,0,,9,CTR,12,52,N/A,20800,27700,27600,16900,36,7550,T,1,35000,56000,70000,45.060146,-74.811499
47270,0,2019,401,,FWY,MOULINETTE RD IC-778 S D & G RD 35,65,EAST,8.24,0,,9,CTR,12,50,N/A,23200,30900,30800,18900,38,8700,T,1,35000,56000,70000,45.046891,-74.90671
47280,0,2019,401,,FWY,S D & G RD 14 DICKINSON DR IC-770,70,EAST,11.33,0,,9,CTR,12,50,N/A,17500,23300,23200,14200,38,6700,T,1,35000,56000,70000,45.011708,-74.996218
47290,0,2019,401,,FWY,UPPER CANADA RD IC-758 S D & G RD 8A,75,EAST,8.06,0,,9,CTR,12,50,N/A,18600,24800,24700,15100,39,7250,T,1,35000,56000,70000,44.953528,-75.109604
47300,0,2019,401,,FWY,SD&G CTY RD 31 IC-750 MORRISBURG,80,EAST,12.45,0,,9,CTR,12,54,N/A,18300,24400,24300,14900,40,7250,T,1,35000,56000,70000,44.916911,-75.197984
47310,0,2019,401,,FWY,CARMAN RD IC-738 S D & G RD 1,84,EAST,7.87,0,,9,CTR,12,54,N/A,17700,23600,23500,14400,39,6850,T,1,35000,56000,70000,44.857449,-75.330403
47315,0,2019,401,,FWY,SHANLY RD IC-730 L & G RD 22,90,EAST,8.69,0,,9,CTR,12,51,N/A,20100,26800,26700,16400,38,7550,T,1,35000,56000,70000,44.810858,-75.405306
47320,0,2019,401,,FWY,HWY 16 IC-721B JOHNSTOWN,96,EAST,1.1,0,,9,CTR,12,86,N/A,15800,21100,21000,12900,44,6950,T,1,35000,56000,70000,44.754906,-75.477688
47322,0,2019,401,,FWY,HWY 416 IC-721A,97,EAST,3.96,0,,9,CTR,12,54,N/A,32400,43200,43000,26400,25,8200,T,1,35000,56000,70000,44.740213,-75.499842
47325,0,2019,401,,FWY,EDWARD ST IC-716 L & G RD 18,120,EAST,11.38,0,,9,CTR,12,55,N/A,37200,49600,49300,30300,25,9450,T,1,35000,56000,70000,44.722975,-75.524926
47330,0,2019,401,,FWY,MAITLAND RD IC-705 L & G RD 15,125,EAST,6.64,0,,74,UC,9,50,N/A,38100,37500,38100,36700,25,9450,T,1,35000,56000,70000,44.652473,-75.626447
47335,0,2019,401,,FWY,N AUGUSTA RD IC-698 BROCKVILLE,130,EAST,1.83,0,,9,CTR,12,54,N/A,36100,48100,47900,29400,27,9900,T,1,35000,56000,70000,44.610959,-75.685652
47340,0,2019,401,,FWY,HWY 29 IC-696 STEWART BV BROCKVILLE,135,EAST,9.8,0,,9,CTR,12,52,N/A,31300,41700,41500,25500,27,8500,T,1,35000,56000,70000,44.599302,-75.701586
47350,0,2019,401,,FWY,HWY 2 IC-687,136,EAST,1.89,0,,9,CTR,12,56,N/A,34300,45700,45500,27900,44,15100,T,1,35000,56000,70000,44.53129, -75.767346
47354,0,2019,401,,FWY,THOUSAND ISLANDS PKWY(WBL) IC-685,137,EAST,9.2,0,,9,CTR,12,51,N/A,31100,41400,41300,25300,30,9400,T,1,35000,56000,70000,44.520247,-75.783981
47360,0,2019,401,,FWY,MALLORYTOWN RD IC-675 L & G RD 5,139,EAST,14.25,0,,9,CTR,12,54,N/A,33300,44400,44200,27100,29,9550,T,1,35000,56000,70000,44.474162,-75.869383
47370,0,2019,401,,FWY,HWY 137 IC-661 HILL ISLAND BR TO USA,149,EAST,2.03,0,,9,CTR,12,51,N/A,29600,39400,39300,24100,28,8200,T,1,35000,56000,70000,44.38189,-75.983544
47374,0,2019,401,,FWY,REYNOLDS RD IC-659,151,EAST,11.12,0,,9,CTR,12,52,N/A,31000,41300,41100,25200,26,7950,T,1,35000,56000,70000,44.377941,-76.007837
47380,0,2019,401,,FWY,HWY 2 IC-648,153,EAST,1.37,0,,9,CTR,12,53,N/A,28500,38000,37800,23200,27,7650,T,1,35000,56000,70000,44.34361,-76.133117
47384,0,2019,401,,FWY,THOUSAND ISLANDS PKWY(EBL) IC-647,158,EAST,1.499,0,,9,CTR,12,53,N/A,32700,43600,43400,26600,27,8700,T,1,35000,56000,70000,44.344299,-76.153582
47390,0,2019,401,,FWY,HWY 32 IC-645,160,EAST,15.78,0,,9,CTR,12,53,N/A,33700,44900,44700,27400,26,8750,T,1,35000,56000,70000,44.344353,-76.170947
47400,0,2019,401,,FWY,JOYCEVILLE RD IC-632,165,EAST,9.06,0,,9,CTR,12,54,N/A,41200,54900,54700,33500,24,9950,T,1,35000,56000,70000,44.322966,-76.331149
47410,0,2019,401,,FWY,HWY 15 IC-623,170,EAST,3.76,0,,30,IC,10,54,N/A,46000,50500,50800,41500,25,11500,T,1,35000,56000,70000,44.289132,-76.429818
47413,0,2019,401,,FWY,MONTREAL ST IC-619,175,EAST,2.3,0,,37,CR,8,51,N/A,46100,53500,53800,41400,25,11500,T,1,35000,56000,70000,44.277867,-76.473443
47415,0,2019,401,,FWY,DIVISION ST IC-617 KINGSTON,180,EAST,1.58,0,,37,CR,8,53,N/A,47600,55200,55600,42700,21,10000,T,1,35000,56000,70000,44.269185,-76.499091
47416,0,2019,401,,FWY,SIR JOHN A MACDONALD BV IC-615,181,EAST,2.16,0,,30,IC,10,58,N/A,49200,54000,54300,44400,21,10300,T,1,35000,56000,70000,44.271819,-76.518541
47417,0,2019,401,,FWY,SYDENHAM RD IC-613,185,EAST,2.27,0,,9,CTR,12,56,N/A,58600,78100,77700,47700,21,12300,T,1,35000,56000,70000,44.2772,-76.544281
47420,0,2019,401,,FWY,HWY 38 IC-611,190,EAST,11.92,0,,9,CTR,12,64,N/A,39800,53000,52800,32400,22,8800,T,1,35000,56000,70000,44.285607,-76.570565
47425,0,2019,401,,FWY,WILTON RD IC-599,210,EAST,5.57,0,,9,CTR,12,62,N/A,40000,53300,53100,32500,21,8500,T,1,35000,56000,70000,44.282605,-76.715907
47430,0,2019,401,,FWY,IC 593 CAMDEN E RD,215,EAST,11.18,0,,9,CTR,12,61,N/A,39700,52900,52700,32300,23,8950,T,1,35000,56000,70000,44.279403,-76.78566
47435,0,2019,401,,FWY,PALACE RD IC-582,220,EAST,3.41,0,,9,CTR,12,60,N/A,39100,52100,51900,31800,23,8800,T,1,35000,56000,70000,44.269941,-76.925048
47440,0,2019,401,,FWY,L&A CTY RD 41 IC-579 CENTRE ST,225,EAST,8.26,0,,43,IR,9,63,N/A,41600,47100,47500,36200,21,8750,T,1,35000,56000,70000,44.2648,-76.965071
47445,0,2019,401,,FWY,DESERONTO RD IC-570,230,EAST,4.09,0,,9,CTR,12,59,N/A,37300,49700,49500,30300,23,8450,T,1,35000,56000,70000,44.244564,-77.063745
47450,0,2019,401,,FWY,HWY 49 IC-566 HASTINGS RD 15 MARYSVILLE RD,245,EAST,10.5,0,,9,CTR,12,60,N/A,40700,54200,54000,33100,26,10500,T,1,35000,56000,70000,44.237377,-77.114422
47460,0,2019,401,,FWY,SHANNONVILLE RD IC-556 CTY RD 7,250,EAST,12.51,0,,9,CTR,12,52,N/A,36300,48400,48200,29500,25,9200,T,1,35000,56000,70000,44.219847,-77.242701
47470,0,2019,401,,FWY,HWY 37 IC-544 CANNIFTON RD,255,EAST,0.69,0,,32,IR,11,54,N/A,47400,58600,58400,40500,30,14200,T,1,35000,56000,70000,44.19464,-77.38925
47480,0,2019,401,,FWY,HWY 62 UP IC-543,260,EAST,4.17,0,,9,CTR,12,50,N/A,42900,57200,56900,34900,25,10600,T,1,35000,56000,70000,44.192003,-77.399321
47484,0,2019,401,,FWY,WALLBRIDGE LOYALIST RD IC-538 HASTINGS RD 1,262,EAST,12.15,0,,9,CTR,12,52,N/A,42900,57200,56900,34900,24,10300,T,1,35000,56000,70000,44.179772,-77.447336
47487,0,2019,401,,FWY,GLEN MILLER RD IC-526 HASTINGS RD 4,263,EAST,1.05,0,,9,CTR,12,54,N/A,47100,62800,62500,38300,30,14000,T,1,35000,56000,70000,44.132724,-77.583033
47490,0,2019,401,,FWY,QUINTE WEST RD 33 IC-525,265,EAST,3.13,0,,90,C,6,51,N/A,38600,42200,41900,34900,35,13500,T,1,35000,56000,70000,44.127686,-77.594012
47494,0,2019,401,,FWY,WOOLER RD IC-522 CTY RD 40,270,EAST,12.44,0,,9,CTR,12,54,N/A,36200,48200,48000,29500,26,9500,T,1,35000,56000,70000,44.118167,-77.628802
47500,0,2019,401,,FWY,NORTHUMBERLAND CTY RD 30 IC-509,275,EAST,12.44,0,,9,CTR,12,53,N/A,39600,52800,52500,32200,27,10600,T,1,35000,56000,70000,44.074751,-77.768993
47510,0,2019,401,,FWY,PERCY ST IC-497 CTY RD 25 BIG APPLE DRIVE,280,EAST,10.23,0,,9,CTR,12,53,N/A,39500,52600,52400,32100,23,8950,T,1,35000,56000,70000,44.024126,-77.902677
47520,0,2019,401,,FWY,LYLE ST IC-487 CTY RD 23,285,EAST,12.5,0,,9,CTR,12,53,N/A,43900,58500,58200,35700,22,9650,T,1,35000,56000,70000,44.003994,-78.026666
47530,0,2019,401,,FWY,HWY 45 IC-474 COBOURG DIVISION ST COBOURG,290,EAST,2.03,0,,9,CTR,12,58,N/A,44700,59600,59300,36400,35,15600,T,1,35000,56000,70000,43.986633,-78.172087
47534,0,2019,401,,FWY,BURNHAM ST IC-472 CTY RD 18 COBOURG,295,EAST,7.79,0,,9,CTR,12,52,N/A,51200,68200,67900,41700,19,9800,T,1,35000,56000,70000,43.980086,-78.196323
47540,0,2019,401,,FWY,NORTHUMBERLAND CTY RD 28 ONTARIO ST IC-464,310,EAST,3.43,0,,9,CTR,12,53,N/A,51500,68600,68300,41900,20,10500,T,1,35000,56000,70000,43.969998,-78.289167
47550,0,2019,401,,FWY,NORTHUMBERLAND CTY RD 2 TORONTO RD IC-461,313,EAST,4.74,0,,9,CTR,12,54,N/A,52800,70300,70000,43000,21,11100,T,1,35000,56000,70000,43.966001,-78.331003
47555,0,2019,401,,FWY,WESLEYVILLE RD IC-456,315,EAST,5.2,0,,32,IR,11,64,N/A,51900,64100,63900,44300,22,11400,T,1,35000,56000,70000,43.953739,-78.387615
47558,0,2019,401,,FWY,BANCROFT TORONTO MTO DIST BDY,317,CENTRAL,3.287,0,,32,IR,11,64,N/A,51900,64100,63900,44300,22,11400,T,1,35000,56000,70000,43.944111,-78.431295
47560,0,2019,401,,FWY,NEWTONVILLE RD IC-448 REG RD 18,320,CENTRAL,7.993,0,,91,IR,11,56,N/A,57700,70200,69800,49200,19,11000,T,1,35000,56000,70000,43.931238,-78.48878
47566,0,2019,401,,FWY,MILL ST IC-440 REG RD 17 NEWCASTLE,325,CENTRAL,3.246,0,,37,CR,8,66,N/A,63300,73400,73900,56800,17,10700,T,1,35000,56000,70000,43.910713,-78.585618
47570,0,2019,401,,FWY,HWYS 35/115 IC-436 NEWCASTLE,327,CENTRAL,1.484,0,,91,IR,11,55,N/A,85700,104200,103700,73000,15,12900,T,1,35000,56000,70000,43.903049,-78.625245
47573,0,2019,401,,FWY,BENNETT RD IC-435 NEWCASTLE,330,CENTRAL,2.505,0,,37,CR,8,55,N/A,85800,99500,100200,77000,16,13700,T,1,35000,56000,70000,43.901766,-78.643951
47575,0,2019,401,,FWY,LIBERTY ST IC-432 REG RD 14 BOWMANVILLE,331,CENTRAL,1.232,0,,9,CTR,12,55,N/A,89500,119200,118700,72800,14,12500,T,1,35000,56000,70000,43.898581,-78.676144
47577,0,2019,401,,FWY,WAVERLEY RD IC-431 NEWCASTLE,332,CENTRAL,2.928,0,,37,CR,8,78,N/A,92800,107700,108400,83300,22,20400,T,1,35000,56000,70000,43.894551,-78.689611
47578,0,2019,401,,FWY,HOLT RD IC-428 NEWCASTLE,333,CENTRAL,3.296,0,,37,CR,8,56,N/A,110200,127900,128700,98900,17,18700,T,1,35000,56000,70000,43.884139,-78.722279
47580,0,2019,401,,FWY,COURTICE RD IC-425 REG RD 34 NEWCASTLE,335,CENTRAL,5.565,0,,90,C,6,68,N/A,114500,125200,124400,103600,15,17200,T,1,35000,56000,70000,43.878746,-78.763589
47584,0,2019,401,,FWY,BLOOR ST/HARMONY RD IC-419 REG RD 33,337,CENTRAL,1.415,0,,43,IR,9,56,N/A,130200,147500,148700,113200,12,15600,T,1,35000,56000,70000,43.887119,-78.826675
47587,0,2019,401,,FWY,RITSON RD IC-418 REG RD 16 OSHAWA,338,CENTRAL,0.811,0,,90,C,6,55,N/A,134100,146600,145700,121400,12,16100,M,4,35000,56000,70000,43.883766,-78.846518
47590,0,2019,401,,FWY,SIMCOE ST IC-417 REG RD 2 OSHAWA,339,CENTRAL,1.652,0,,74,UC,9,55,N/A,140000,137900,140100,134900,11,15400,T,1,35000,56000,70000,43.881468,-78.856301
47594,0,2019,401,,FWY,STEVENSON RD IC-415 OSHAWA,340,CENTRAL,2.49,0,,74,UC,9,63,N/A,133300,131300,133400,128400,15,20000,T,1,35000,56000,70000,43.876507,-78.87598
47596,0,2019,401,,FWY,THICKSON RD IC-412 REG RD 26 WHITBY,341,CENTRAL,2.545,0,,74,UC,9,52,N/A,157100,154800,157200,151400,13,19800,T,1,35000,56000,70000,43.869345,-78.905026
47598,0,2019,401,,FWY,HWY 12 IC-410 BROCK ST WHITBY,345,CENTRAL,6.275,0,,74,UC,9,50,N/A,174200,171600,174300,167800,6,10500,T,1,35000,56000,70000,43.866315,-78.936186
47602,0,2019,401,,FWY,SALEM RD IC-404,346,CENTRAL,2.287,0,,74,UC,9,62,N/A,212800,209700,212900,205000,11,23400,T,1,35000,56000,70000,43.855685,-79.011934
47604,0,2019,401,,FWY,WESTNEY RD IC-401,349,CENTRAL,2.647,0,,90,C,6,60,N/A,202400,221200,219900,183200,11,22300,T,1,35000,56000,70000,43.849195,-79.04052
47607,0,2019,401,,FWY,BROCK RD IC-399 REG RD 1 PICKERING,352,CENTRAL,1.708,0,,22,SC,6,63,N/A,246900,262100,260500,218200,12,29600,T,1,35000,56000,70000,43.839085,-79.070721
47610,0,2019,401,,FWY,LIVERPOOL RD IC-397 REG RD 29 PICKERING,355,CENTRAL,2.592,0,,90,C,6,54,N/A,247300,270300,268700,223800,12,29700,T,1,35000,56000,70000,43.830682,-79.088726
47612,0,2019,401,,FWY,WHITES RD IC-394 REG RD 38 PICKERING,370,CENTRAL,3.711,0,,90,C,6,57,N/A,259600,283800,282100,235000,3,7800,T,1,35000,56000,70000,43.81668,-79.114618
47614,0,2019,401,,FWY,401 HWY 2 KINGSTON RD IC-392,412,CENTRAL,1.326,0,,90,C,6,59,N/A,259300,283400,281700,234700,10,25900,T,1,35000,56000,70000,43.795607,-79.151657
47622,0,2019,401,,FWY,MEADOWVALE RD IC-389 SCARBOROUGH,415,CENTRAL,2.492,0,,90,C,6,52,N/A,261800,286200,284400,237000,10,26200,T,1,35000,56000,70000,43.799637,-79.166459
47624,0,2019,401,,FWY,MORNINGSIDE AV IC-387 SCARBOROUGH,417,CENTRAL,1.524,0,,74,UC,9,57,N/A,298900,294500,299000,288000,10,29900,T,1,35000,56000,70000,43.796539,-79.19708
47625,0,2019,401,,FWY,NEILSON RD IC-385,420,CENTRAL,1.799,0,,90,C,6,57,N/A,303600,331900,329900,274800,8,24300,T,1,35000,56000,70000,43.793732,-79.215759
47626,0,2019,401,,FWY,HWY 48 IC-383 MARKHAM RD SCARBOROUGH,423,CENTRAL,1.639,0,,9,CTR,12,60,N/A,295400,393600,391900,240400,5,14800,T,1,35000,56000,70000,43.785394,-79.235322
47627,0,2019,401,,FWY,MCCOWAN RD IC-381 SCARBOROUGH,425,CENTRAL,0.808,0,,74,UC,9,59,N/A,335800,330900,335900,323600,3,10100,T,1,35000,56000,70000,43.781183,-79.255062
47628,0,2019,401,,FWY,BRIMLEY RD IC-380,427,CENTRAL,1.649,0,,22,SC,6,58,N/A,353100,374800,372600,312100,8,28200,T,1,35000,56000,70000,43.779396,-79.264725
47629,0,2019,401,,FWY,KENNEDY RD IC-379 SCARBOROUGH,430,CENTRAL,1.631,0,,74,UC,9,59,N/A,358100,352800,358200,345000,8,28600,T,1,35000,56000,70000,43.775141,-79.28476
47631,0,2019,401,,FWY,WARDEN AV IC-378 SCARBOROUGH,435,CENTRAL,1.278,0,,74,UC,9,59,N/A,341500,336500,341600,329000,8,27300,T,1,35000,56000,70000,43.770418,-79.304028
47633,0,2019,401,,FWY,VICTORIA PARK AV IC-376 SCARBOROUGH,440,CENTRAL,1.444,0,,90,C,6,54,N/A,334500,365600,363400,302800,8,26800,T,1,35000,56000,70000,43.768291,-79.319643
47635,0,2019,401,,FWY,HWY 404 IC-375 DON VALLEY PKWY NORTH YORK,445,CENTRAL,2.018,0,,22,SC,6,58,N/A,351700,373300,371100,310800,8,28100,T,1,35000,56000,70000,43.767653,-79.337851
47640,0,2019,401,,FWY,LESLIE ST IC-373 NORTH YORK,450,CENTRAL,1.945,0,,74,UC,9,54,N/A,349200,344100,349300,336500,8,27900,T,1,35000,56000,70000,43.766333,-79.363129
47642,0,2019,401,,FWY,BAYVIEW AV IC-371 NORTH YORK,455,CENTRAL,2.031,0,,90,C,6,56,N/A,355200,388300,385900,321500,8,28400,T,1,35000,56000,70000,43.763397,-79.387347
47643,0,2019,401,,FWY,HWY 11 IC-369 YONGE ST NORTH YORK,460,CENTRAL,1.718,0,,74,UC,9,53,N/A,360300,355000,360400,347200,8,28800,T,1,35000,56000,70000,43.753226,-79.408383
47647,0,2019,401,,FWY,AVENUE RD IC-367 NORTH YORK,515,CENTRAL,1.08,0,,74,UC,9,52,N/A,358300,353000,358400,345200,8,28700,T,1,35000,56000,70000,43.742669,-79.422879
47650,0,2019,401,,FWY,BATHURST ST IC-366 NORTH YORK,518,CENTRAL,1.4,0,,90,C,6,51,N/A,379900,415300,412800,343900,8,30400,T,1,35000,56000,70000,43.736113,-79.433721
47652,0,2019,401,,FWY,ALLEN RD IC-365 NORTH YORK,520,CENTRAL,0.759,0,,74,UC,9,53,N/A,403600,397700,403800,388900,8,32300,T,1,35000,56000,70000,43.729897,-79.448982
47654,0,2019,401,,FWY,DUFFERIN ST IC-364 NORTH YORK,525,CENTRAL,1.95,0,,90,C,6,50,N/A,396800,433700,431100,359200,8,31700,T,1,35000,56000,70000,43.728194,-79.458056
47656,0,2019,401,,FWY,KEELE ST IC-362 NORTH YORK,530,CENTRAL,3.05,0,,90,C,6,52,N/A,404200,441800,439200,365900,8,32300,T,1,35000,56000,70000,43.722786,-79.481449
47660,0,2019,401,,FWY,HWY 400 IC-359 NORTH YORK,540,CENTRAL,1.45,0,,90,C,6,57,N/A,421300,460500,457700,381300,10,42100,T,1,35000,56000,70000,43.716606,-79.519755
47661,0,2019,401,,FWY,WESTON RD IC-357 NORTH YORK,545,CENTRAL,1.369,0,,90,C,6,59,N/A,417700,456600,453800,378100,10,41800,T,1,35000,56000,70000,43.713413,-79.536122
47663,0,2019,401,,FWY,ISLINGTON AV IC-356 ETOBICOKE,547,CENTRAL,2.432,0,,74,UC,9,62,N/A,402800,396900,403000,388100,10,40300,T,1,35000,56000,70000,43.709504,-79.552512
47667,0,2019,401,,FWY,DIXON RD IC-354 ETOBICOKE,555,CENTRAL,2.411,0,,90,C,6,55,N/A,276600,302300,300500,250400,10,27700,T,1,35000,56000,70000,43.691968,-79.569445
47671,0,2019,401,,FWY,HWY 427 IC-352,612,CENTRAL,0.763,0,,90,C,6,57,N/A,450300,492200,489300,407600,9,40500,T,1,35000,56000,70000,43.671913,-79.582941
47672,0,2019,401,,FWY,RENFORTH DR IC-349,613,CENTRAL,4.328,0,,90,C,6,56,N/A,412800,451200,448500,373600,9,37200,T,1,35000,56000,70000,43.66868,-79.591228
47673,0,2019,401,,FWY,DIXIE RD IC-346,615,CENTRAL,1.452,0,,90,C,6,57,N/A,384100,419800,417300,347700,12,46100,T,1,35000,56000,70000,43.648206,-79.637014
47675,0,2019,401,,FWY,HWYS 410 & 403 IC-344 END OF COMPLEX FRWY,618,CENTRAL,2.788,0,,90,C,6,65,N/A,221800,242400,241000,200800,12,26600,T,1,35000,56000,70000,43.639281,-79.660667
47680,0,2019,401,,FWY,HWY 10 IC-342 HURONTARIO ST MISSISSAUGA,620,CENTRAL,2.136,0,,90,C,6,70,N/A,231200,252700,251200,209300,14,32400,T,1,35000,56000,70000,43.630233,-79.683897
47682,0,2019,401,,FWY,MAVIS ROAD IC,622,CENTRAL,3.465,0,,90,C,6,54,N/A,171900,187900,186800,155600,15,25400,T,1,35000,56000,70000,43.620699,-79.707992
47685,0,2019,401,,FWY,MISSISSAUGA RD IC-336,625,CENTRAL,3.437,0,,90,C,6,57,N/A,149100,163000,162000,135000,18,26800,MJ,6,35000,56000,70000,43.605524,-79.746178
47688,0,2019,401,,FWY,WINSTON CHURCHILL BV IC-333,628,CENTRAL,2.275,0,,74,UC,9,56,N/A,138800,136800,138900,133700,14,19400,T,1,35000,56000,70000,43.600442,-79.788256
47689,0,2019,401,,FWY,HWY 407 IC,629,CENTRAL,2.435,0,,30,IC,10,53,N/A,156500,171900,172800,141300,17,26600,T,1,35000,56000,70000,43.588555,-79.810387
47690,0,2019,401,,FWY,TRAFALGAR RD IC-328 MILTON,630,CENTRAL,4.175,0,,30,IC,10,55,N/A,152900,167900,168800,138000,18,27500,T,1,35000,56000,70000,43.570513,-79.829286
47695,0,2019,401,,FWY,JAMES SNOW PKWY IC-324 MILTON,632,CENTRAL,3.741,0,,30,IC,10,53,N/A,140600,154400,155200,126900,20,28100,T,1,35000,56000,70000,43.541893,-79.863019
47700,0,2019,401,,FWY,REG. RD 25 IC-320 MILTON,635,CENTRAL,8.165,0,,30,IC,10,54,N/A,117700,129300,130000,106300,19,22400,T,1,35000,56000,70000,43.528,-79.905399
47710,0,2019,401,,FWY,GUELPH LINE IC-312 HALTON RD 1 MILTON,640,CENTRAL,4.493,0,,37,CR,8,52,N/A,118600,137600,138500,106400,18,21300,T,1,35000,56000,70000,43.491142,-79.988048
47715,0,2019,401,,FWY,MILTON W LTS,643,WEST,7.313,0,,9,CTR,12,52,N/A,117500,156600,155900,95600,19,22000,T,1,35000,56000,70000,43.473108,-80.044344
47720,0,2019,401,,FWY,E JCT HWY 6 IC-299/BROCK RD WELLINGTON RD. 46,645,WEST,4.36,0,,30,IC,10,53,N/A,123100,135200,135900,111100,18,22200,T,1,35000,56000,70000,43.453533,-80.124531
47723,0,2019,401,,FWY,W JCT HWY 6 IC-295 HANLON EXPWY,647,WEST,9.18,0,,90,C,6,52,N/A,118100,129100,128300,106900,18,21300,T,1,35000,56000,70000,43.448001,-80.177127
47725,0,2019,401,,FWY,REG RD 33 TOWNLINE RD UP IC-286,648,WEST,2.27,0,,90,C,6,61,N/A,112800,123300,122600,102100,19,21400,T,1,35000,56000,70000,43.420888,-80.283079
47728,0,2019,401,,FWY,FRANKLIN BV IC-284 REG RD 36,649,WEST,1.69,0,,90,C,6,52,N/A,111800,122200,121500,101200,21,23500,T,1,35000,56000,70000,43.414728,-80.309564
47730,0,2019,401,,FWY,HWY 24 IC-282/HESPELER RD REG RD 24 CAMBRIDGE,650,WEST,4.56,0,,30,IC,10,52,N/A,150000,164800,165600,135400,30,45000,T,1,35000,56000,70000,43.414009,-80.327986
47740,0,2019,401,,FWY,REG RD 8 KING ST E/SHANTZ HILL RD IC-278,710,WEST,2.88,0,,22,SC,6,55,N/A,88600,94000,93500,78300,21,18600,T,1,35000,56000,70000,43.40176,-80.379029
47745,0,2019,401,,FWY,HOMER WATSON BV IC-275 (N) FOUNTAIN ST (S) RR 28,715,WEST,7.1,0,,30,IC,10,56,N/A,57300,62900,63300,51700,28,16000,T,1,35000,56000,70000,43.384896,-80.405307
47750,0,2019,401,,FWY,WATERLOO RD 97 IC-268 CEDAR CREEK RD,720,WEST,17.78,0,,30,IC,10,52,N/A,52200,57300,57600,47100,34,17600,T,1,35000,56000,70000,43.331966,-80.447588
47760,0,2019,401,,FWY,OXFORD RD 29 IC-250,725,WEST,12.17,0,,43,IR,9,55,N/A,49200,55700,56200,42800,30,14800,T,1,35000,56000,70000,43.229042,-80.602443
47770,0,2019,401,,FWY,OXFORD HWY 2 IC-238,727,WEST,2.56,0,,37,CR,8,63,N/A,49900,57900,58300,44800,31,15300,T,1,35000,56000,70000,43.141158,-80.681946
47776,0,2019,401,,FWY,HWY 403 IC-235,731,WEST,3.37,0,,9,CTR,12,52,N/A,70600,94100,93700,57400,30,20800,T,1,35000,56000,70000,43.127569,-80.690477
47780,0,2019,401,,FWY,OXFORD RD 59 IC-232 NORWICH AV WOODSTOCK,732,WEST,2.09,0,,91,IR,11,51,N/A,77600,94400,93900,66100,33,25800,T,1,35000,56000,70000,43.110342,-80.735895
47784,0,2019,401,,FWY,SWEABURG RD IC-230 OXFORD RD 12,735,WEST,7.57,0,,30,IC,10,50,N/A,78100,85800,86200,70500,26,20300,T,1,35000,56000,70000,43.098074,-80.755771
47786,0,2019,401,,FWY,OXFORD RD 6 FOLDENS LINE IC-222,736,WEST,3.68,0,,37,CR,8,52,N/A,74500,86400,87000,66800,26,19500,T,1,35000,56000,70000,43.050384,-80.821644
47790,0,2019,401,,FWY,HWY 19 IC-218/OXFORD RD 119 PLANK LINE,737,WEST,2.53,0,,9,CTR,12,51,N/A,78400,104500,104000,63800,29,22700,T,1,35000,56000,70000,43.027227,-80.854049
47793,0,2019,401,,FWY,CULLODEN RD IC-216 OXFORD RD 10,740,WEST,7.47,0,,9,CTR,12,52,N/A,70000,93300,92900,57000,27,18600,T,1,35000,56000,70000,43.011948,-80.877337
47796,0,2019,401,,FWY,PUTNAM RD IC-208 MIDDLESEX RD 30,742,WEST,5.54,0,,37,CR,8,51,N/A,72700,84300,84900,65200,38,27600,T,1,35000,56000,70000,42.975547,-80.950376
47800,0,2019,401,,FWY,ELGIN RD MIDDLESEX RD 73 IC-203,743,WEST,3.69,0,,30,IC,10,53,N/A,72700,79900,80300,65600,28,20600,T,1,35000,56000,70000,42.965263,-81.016924
47805,0,2019,401,,FWY,DORCHESTER RD IC-199 MIDDLESEX RD 32,745,WEST,3.76,0,,37,CR,8,52,N/A,77200,89600,90200,69300,27,20800,T,1,35000,56000,70000,42.958206,-81.060766
47810,0,2019,401,,FWY,WESTCHESTER BOURNE MIDDLESEX RD 74 IC-195,746,WEST,1.86,0,,43,IR,9,51,N/A,76600,86800,87500,66600,22,16900,T,1,35000,56000,70000,42.947645,-81.10409
47815,0,2019,401,,FWY,VETERANS MEMORIAL IC-194,747,WEST,4.47,0,,37,CR,8,51,N/A,72900,84600,85100,65400,28,20400,T,1,35000,56000,70000,42.942831,-81.125045
47820,0,2019,401,,FWY,HIGHBURY AV IC-189,750,WEST,3.23,0,,30,IC,10,54,N/A,72400,79500,79900,65400,26,18800,T,1,35000,56000,70000,42.936225,-81.178623
47823,0,2019,401,,FWY,WELLINGTON RD IC-186,755,WEST,2.66,0,,90,C,6,54,N/A,63400,69300,68900,57400,29,18400,T,1,35000,56000,70000,42.922286,-81.212148
47826,0,2019,401,,FWY,HWY 402 IC-183,757,WEST,3.861,0,,74,UC,9,54,W,29000,28600,29000,27900,35,10300,T,1,35000,56000,70000,42.906356,-81.231062
47828,0,2019,401,,FWY,WONDERLAND RD IC-180,758,WEST,2.669,0,,74,UC,9,54,W,29000,28600,29000,27900,35,10200,R,1,35000,56000,70000,42.874283,-81.258007
47830,0,2019,401,,FWY,HWY 4/COL. TALBOT RD IC-177,760,WEST,12.56,0,,74,UC,9,52,N/A,25800,25400,25800,24900,35,8900,T,1,35000,56000,70000,42.853286,-81.274924
47840,0,2019,401,,FWY,UNION RD IC-164 ELGIN RD 20,764,WEST,6.68,0,,9,CTR,12,54,N/A,26200,34900,34800,21300,34,8900,T,1,35000,56000,70000,42.771923,-81.379534
47845,0,2019,401,,FWY,IONA RD IC-157 ELGIN RD 14,766,WEST,8.85,0,,9,CTR,12,53,N/A,26300,35000,34900,21400,34,9000,T,1,35000,56000,70000,42.730485,-81.438558
47850,0,2019,401,,FWY,CURRIE RD IC-149 ELGIN RD 8,770,WEST,11.22,0,,90,C,6,51,N/A,24500,26800,26600,22200,37,9100,T,1,35000,56000,70000,42.675698,-81.516689
47860,0,2019,401,,FWY,ELGIN RD 76 GRAHAM RD IC-137,775,WEST,8.08,0,,90,C,6,51,N/A,24000,26200,26100,21700,40,9600,T,1,35000,56000,70000,42.617038,-81.62427
47870,0,2019,401,,FWY,FURNIVAL RD IC-129 ELGIN RD 103,777,WEST,12.91,0,,90,C,6,51,N/A,22700,24800,24700,20500,40,9050,T,1,35000,56000,70000,42.585287,-81.706299
47880,0,2019,401,,FWY,CHATHAM KENT RD 20 ORFORD RD IC-117,780,WEST,7.92,0,,37,CR,8,53,N/A,23100,26800,27000,20700,38,8800,T,1,35000,56000,70000,42.517179,-81.830136
47890,0,2019,401,,FWY,CHATHAM KENT RDS 17/21 VICTORIA RD IC-109,790,WEST,7.3,0,,90,C,6,52,N/A,22800,24900,24800,20600,40,9000,T,1,35000,56000,70000,42.482341,-81.910673
47900,0,2019,401,,FWY,CHATHAM KENT RD 15/KENT BRIDGE RD IC-101,810,WEST,11.67,0,,90,C,6,52,N/A,24200,26500,26300,21900,41,10000,T,1,35000,56000,70000,42.437841,-81.975994
47910,0,2019,401,,FWY,HWY 40 IC-90 CHAT KENT RD 11 COMMUNICATION RD,815,WEST,8.38,0,,90,C,6,55,N/A,20400,22300,22200,18500,43,8850,T,1,35000,56000,70000,42.382133,-82.092297
47920,0,2019,401,,FWY,CHATHAM KENT RD 27 BLOOMFIELD RD IC-81,820,WEST,18.05,0,,30,IC,10,50,N/A,22600,24800,25000,20400,43,9650,T,1,35000,56000,70000,42.350896,-82.184097
47940,0,2019,401,,FWY,CHATHAM KENT RD 2 QUEEN'S LINE IC-63,910,WEST,7.14,0,,90,C,6,50,N/A,24400,26700,26500,22100,35,8600,T,1,35000,56000,70000,42.279311,-82.374342
47950,0,2019,401,,FWY,ESSEX RD 42 IC-56,915,WEST,8.44,0,,90,C,6,50,N/A,27600,30200,30000,25000,35,9600,T,1,35000,56000,70000,42.263657,-82.457231
47960,0,2019,401,,FWY,HWY 77 IC-48 (S)/ESSEX RD 35 (N) COMBER RD,916,WEST,7.31,0,,9,CTR,12,52,N/A,22600,30100,30000,18400,30,6800,T,1,35000,56000,70000,42.244137,-82.552171
47970,0,2019,401,,FWY,ESSEX RD 31/FRENCHLINE RD,920,WEST,6.25,0,,30,IC,10,50,N/A,24000,26400,26500,21700,30,7300,T,1,35000,56000,70000,42.232263,-82.637266
47980,0,2019,401,,FWY,ESSEX RD 27 IC-34,922,WEST,6.24,0,,74,UC,9,58,N/A,23900,23500,23900,23000,29,6900,T,1,35000,56000,70000,42.236105,-82.712793
47990,0,2019,401,,FWY,PUCE RD IC-28 ESSEX RD 25,923,WEST,7.08,0,,30,IC,10,57,N/A,24600,27000,27200,22200,39,9600,T,1,35000,56000,70000,42.239119,-82.787934
48000,0,2019,401,,FWY,ESSEX RD 19 IC-21 MANNING RD,924,WEST,7.01,0,,90,C,6,58,N/A,23700,25900,25800,21500,25,5850,T,1,35000,56000,70000,42.24159,-82.873918
48006,0,2019,401,,FWY,ESSEX RD 46 IC-14 PROVINCIAL RD,925,WEST,0.83,0,,90,C,6,58,N/A,17800,19500,19300,16100,40,7100,T,1,35000,56000,70000,42.245221,-82.954095
48010,0,2019,401,,FWY,DIVERSION TO TUNNEL IC-13,935,WEST,2.378,0,,30,IC,10,50,N/A,16400,18000,18100,14800,6,980,T,1,35000,56000,70000,42.274185,-83.078569
